name_d_id,short_name
ppl:ablogniad,ablogniad
ppl:abridgen,abridgen
ppl:acdrc,acderohanchabot
ppl:achabot,achabot
ppl:aconst,aconstable
ppl:acoray,acoray
ppl:acoventry,acoventry
ppl:acsouthwick,acsouthwick
ppl:acu,acurran
ppl:acuvier,acuvier
ppl:adavezac,adavezac
ppl:adbache,adbache
ppl:aditurbide,adeiturbide
ppl:admorgan,ademorgan
ppl:adoran,adoran
ppl:aesabio,aesabio
ppl:aeustis,aeustis
ppl:agall,agallatin
ppl:agnesbiddle,agnesbiddle
ppl:ags,agsmith
ppl:agthompson,agthompson
ppl:ajackson,ajackson
ppl:ajr,ajrrademaker
ppl:akourakin,akourakin
ppl:alcdestutt,alcdestutt
ppl:alhillhouse,alhillhouse
ppl:alsmain,alsmain
ppl:alwilson,alwilson
ppl:alyle,alyle
ppl:amdj,amdejonnes
ppl:amdr,amderochon
ppl:amo,amorris
ppl:amontmorency,amontmorency
ppl:anb,anbrown
ppl:annbiddle,annbiddle
ppl:annelee,annelee
ppl:apor,aporter
ppl:arthompson,arthompson
ppl:astevens,astevens
ppl:atocqueville,adetocqueville
ppl:avail,avail
ppl:avivien,avivien
ppl:awalker,awalker
ppl:awclason,awclason
ppl:_bagge,bagge
ppl:bagould,bagould
ppl:baronlaincy,baronlaincy
ppl:baronlumey,baronlumey
ppl:baronvonhammer,baronvonhammer
ppl:_bartlett,bartlett
ppl:_bauquelin,bauquelin
ppl:bboisge,missboisgerard
ppl:bcon,bconstant
ppl:bdf,bdeferussac
ppl:bdpusis,bdepusiser
ppl:_beaufacre,beaufacre
ppl:benjsilliman,benjsilliman
ppl:_bernadet,bernadet
ppl:_bernicica,bernicica
ppl:_berthollet,berthollet
ppl:bffrench,bffrench
ppl:bfpeale,bfpeale
ppl:bfrank,bfranklin
ppl:bgdlacepede,bgdlacepede
ppl:bhasgills,bhasgills
ppl:bhenry,bhenry
ppl:bhol,bholmes
ppl:_billaudvarennes,billaudvarennes
ppl:birvin,birvine
ppl:blawrence,blawrence
ppl:blgrange,blagrange
ppl:bme,bmemerigon
ppl:bmitch,bmitchell
ppl:bnbyrne,bnbyrne
ppl:bom,bomeara
ppl:_bossange,bossange
ppl:_boudrot,boudrot
ppl:_bouvran,bouvran
ppl:bpeirce,bpeirce
ppl:bpierce,bpierce
ppl:bppoore,bppoore
ppl:_bradbury,bradbury
ppl:brcdl,brcdelarcy
ppl:_brester,brester
ppl:brong,mrbrongniart
ppl:brwood,brwood
ppl:bsbarton,bsbarton
ppl:bsbernard,bsbernard
ppl:bsmith,bsmith
ppl:bst,bstricht
ppl:_buckfast,buckfast
ppl:bwrichards,bwrichards
ppl:byron,byron
ppl:_cabera,cabera
ppl:cahbrooks,cahbrooks
ppl:calcope,calcope
ppl:calesueur,calesueur
ppl:captartoun,captartoun
ppl:captcorrie,captcorrie
ppl:capthawkins,capthawkins
ppl:captmaran,captmaran
ppl:captrockett,captrockett
ppl:captwatkins,captwatkins
ppl:captwilkins,captwilkins
ppl:_carlos,carlos
ppl:_carnot,carnot
ppl:_carroll,carroll
ppl:cathwheaton,cathwheaton
ppl:caw,cawalckenaer
ppl:cbolton,cbolton
ppl:cbotta,cbotta
ppl:cbrush,cbrush
ppl:ccarroll,ccarroll
ppl:ccarter,ccarter
ppl:ccbarreto,jfdecbarreto
ppl:ccharper,ccharper
ppl:ccjamison,ccjamison
ppl:ccoquerel,ccoquerel
ppl:cdc,cdcolden
ppl:cdsc,cdestc
ppl:cdu,cdupin
ppl:ceanderson,ceanderson
ppl:cebertrand,cebertrand
ppl:cecdm,cecdemontbret
ppl:cej,cellet
ppl:celendley,celendley
ppl:cescoville,cescoville
ppl:cfobrar,cfobrar
ppl:cfwinslow,cfwinslow
ppl:cgchilds,cgchilds
ppl:cgstanley,cgstanley
ppl:chacramer,chacramer
ppl:_chauffesuer,chauffesuer
ppl:chawest,chawest
ppl:chbarnet,chbarnet
ppl:chbeck,chbeck
ppl:chking,chking
ppl:cjbresson,cjbresson
ppl:cji,cjingersoll
ppl:cjjackson,cjjackson
ppl:_clark,clark
ppl:claustin,claustin
ppl:cmchilde,cathmlee
ppl:cmdtalleyrand,cmdetalleyrand
ppl:cmersch,cmersch
ppl:cmorgan,cmorgan
ppl:colabert,colabert
ppl:colberthemy,colberthemy
ppl:coljjambler,coljjambler
ppl:collingwood,collingwood
ppl:colwatson,colwatson
ppl:cparker,cparker
ppl:cpdaly,cpdaly
ppl:cpdlds,cpdelsaillant
ppl:cperkins,cperkins
ppl:cpw,cpwhite
ppl:_crachard,crachard
ppl:_crockard,crockard
ppl:_crossewell,crossewell
ppl:csa,cathsampson
ppl:csjackson,csjackson
ppl:csmith,csmith
ppl:csrafinesque,csrafinesque
ppl:css,csstorrow
ppl:cst,sthayer
ppl:csu,csumner
ppl:ctbrooks,ctbrooks
ppl:ctjackson,ctjackson
ppl:_cunningham,cunningham
ppl:_custis,custis
ppl:cwalker,cwalker
ppl:cwpennock,cwpennock
ppl:cwr,cwright
ppl:daa,daazuni
ppl:_dallas,dallas
ppl:das,aseybert
ppl:davidhume,davidhume
ppl:daw,awagstaff
ppl:dbw,dbwarden
ppl:dcbrent,dcbrent
ppl:dcfb,dcfbeck
ppl:dcharvey,dcharvey
ppl:dcporter,dcporter
ppl:ddb,ddbernard
ppl:ddt,ddthompkins
ppl:_debeauvais,debeauvais
ppl:_deberneaud,deberneaud
ppl:_debondgous,debondgous
ppl:_degerado,degerado
ppl:dei,eives
ppl:dendelany,dendelany
ppl:denolmsted,denolmsted
ppl:_desaintalbin,desaintalbin
ppl:dfcovroy,dfcovroy
ppl:dfgoudie,dfgoudie
ppl:dfkenner,dfkenner
ppl:dgardner,dgardner
ppl:dgsb,dgsbedford
ppl:_dhalle,dhalle
ppl:dhos,dhosack
ppl:dhpotter,dhpotter
ppl:dhtucker,dhtucker
ppl:ditj,itownsendjr
ppl:djc,jcrawford
ppl:djmc,jmcloud
ppl:djmccord,djmccord
ppl:djs,jskinner
ppl:dkmouri,dkmourier
ppl:dmahan,dmahan
ppl:dog,dogilvy
ppl:drackerly,drackerly
ppl:drakerly,drakerly
ppl:dranderson,dranderson
ppl:drarnold,drarnold
ppl:dravery,dravery
ppl:drbarbier,drbarbier
ppl:drbarclay,drbarclay
ppl:drbull,drbull
ppl:drburney,drburney
ppl:drcalwell,drcalwell
ppl:drcarroll,drcarroll
ppl:drcher,drcher
ppl:drcromwell,drcromwell
ppl:drcross,drcross
ppl:drcurry,drcurry
ppl:drdiddie,drdiddie
ppl:drellison,drellison
ppl:drevans,drevans
ppl:drfearer,drfearer
ppl:drgarland,drgarland
ppl:drgibson,drgibson
ppl:drgillespie,drgillespie
ppl:drgoodwin,drgoodwin
ppl:drhawkes,drhawkes
ppl:drhorer,drhorer
ppl:drhuber,drhuber
ppl:drjoynes,drjoynes
ppl:drkay,drkay
ppl:drking,drking
ppl:drlefort,drlefort
ppl:drlinton,drlinton
ppl:drlouis,drlouis
ppl:drm,drrmacdonnell
ppl:drmacmillan,drmacmillan
ppl:drmeigh,drmeigh
ppl:drminn,drminn
ppl:drmorier,drmorier
ppl:drnoth,drnoth
ppl:drperry,drperry
ppl:drriley,drriley
ppl:drrobbins,drrobbins
ppl:drromaine,drromaine
ppl:drseymour,drseymour
ppl:drstille,drstille
ppl:drtaloossens,drtaloossens
ppl:drtucker,drtucker
ppl:drtuft,drtuft
ppl:drvrather,drvrather
ppl:drwcrawford,drwcrawford
ppl:drwilkes,drwilkes
ppl:dsear,dsear
ppl:dsheldon,dsheldon
ppl:dshepperd,dshepperd
ppl:dsmith,dsmith
ppl:dswilson,dswilson
ppl:_dumas,dumas
ppl:_dumurton,dumurton
ppl:_dunenir,dunenir
ppl:dunsbradford,dunsbradford
ppl:_duvallon,duvallon
ppl:dvaucel,dvaucel
ppl:_dvillarme,dvillarme
ppl:dvivant,dvivant
ppl:dwardenj,dwardenj
ppl:dwclinton,dwclinton
ppl:dwcox,dwcoxe
ppl:dwebster,dwebster
ppl:dwhite,dwhite
ppl:_dwight,dwight
ppl:eag,eagodefroy
ppl:eavail,eavail
ppl:ebmullanphy,ebmullanphy
ppl:eco,ecoles
ppl:ecollins,ecollins
ppl:_edgar,edgar
ppl:edking,ekingsborough
ppl:edmblunt,edmblunt
ppl:edperrey,edeperrey
ppl:edwhar,edwhar
ppl:eev,eeverett
ppl:efjomard,efjomard
ppl:efleitner,efleitner
ppl:egambler,egambler
ppl:egreb,egrebb
ppl:ehwillard,ehwillard
ppl:eispence,eispence
ppl:ejlewell,ejlewell
ppl:ejlowell,ejlowell
ppl:ejpringle,ejpringle
ppl:ekennie,ekennie
ppl:elang,elang
ppl:eleanorpclewis,eleanorpclewis
ppl:elivingston,elivingston
ppl:elizabethspencer,elizabethspencer
ppl:elizalaw,elizalawlee
ppl:elizemmet,elizemmet
ppl:eob,eobenger
ppl:epaquenaud,epaquenaud
ppl:epb,elizpbonaparte
ppl:epc,elizcustis
ppl:epeace,epeace
ppl:esbodin,esoulangebodin
ppl:estover,estover
ppl:evchilde,evchilde
ppl:eweeks,eweeks
ppl:fakemble,fakemble
ppl:famichaux,famichaux
ppl:famuhlenberg,famuhlenberg
ppl:farago,farago
ppl:faslegare,fasmithlegare
ppl:fbloodgood,fbloodgood
ppl:fbmarbois,fbarbemarbois
ppl:fbowen,fbowen
ppl:fbradley,fbradley
ppl:fcgray,fcgray
ppl:fclh,fcdelaharpe
ppl:fddtaylor,fddtaylor
ppl:_featherstonhaugh,featherstonhaugh
ppl:fenom,mrfenomartin
ppl:ffraley,ffraley
ppl:fguizot,fguizot
ppl:fhall,fhall
ppl:_fisher,fisher
ppl:fjdg,fjdegratet
ppl:fjlefebvre,fjlefebvre
ppl:flescal,flescaliis
ppl:_floureus,floureus
ppl:fmarkoe,fmarkoe
ppl:fmarx,fmarx
ppl:fmignet,fmignet
ppl:fmpdlac,fmpdulac
ppl:fojsmith,fojsmith
ppl:_fomina,fomina
ppl:_fournier,fournier
ppl:fpascalis,fpascalis
ppl:fpdorleans,fpdorleans
ppl:fprobinson,fprobinson
ppl:francisjohnson,francisjohnson
ppl:_frank,frank
ppl:frdablois,frdablois
ppl:fredbronson,fredbronson
ppl:fwlincoln,fwlincoln
ppl:fwr,fwright
ppl:_gallinoli,gallinioli
ppl:_gambart,gambart
ppl:gan,gandral
ppl:gbbrown,gbbrown
ppl:gbdepping,gbdepping
ppl:gbrul,gbrul
ppl:gburgess,gburgess
ppl:gcfmr,gcfmriche
ppl:gcld,cllefebvredesnouettes
ppl:gcomme,gcomme
ppl:gcpotts,gcpotts
ppl:gcrayon,gcrayon
ppl:gcshattuck,gcshattuck
ppl:gcu,gcuvier
ppl:gcv,gcverplanck
ppl:gdltollendal,gdeltollendal
ppl:gdprony,gdeprony
ppl:generalbass,generalbass
ppl:gengmason,gengmason
ppl:genhamilton,genhamilton
ppl:genmacomb,genmacomb
ppl:geobancroft,geobancroft
ppl:geobradburn,geobradburn
ppl:geochilton,geochilton
ppl:geolaw,geolaw
ppl:geovaughan,geovaughan
ppl:_gerardlableau,gerardlableau
ppl:gfrick,gfrick
ppl:gfsimons,gfsimons
ppl:ggi,ggibbs
ppl:ggtone,ggtone
ppl:ghstuart,ghstuart
ppl:gira,girard
ppl:gjd,gjdevereux
ppl:gjjaneway,gjjaneway
ppl:glm,glmeason
ppl:gmmcmahon,gmmcmahon
ppl:gmnewton,gmnewton
ppl:_godoy,godoy
ppl:_gomez,gomez
ppl:gord,gord
ppl:govmasey,govmasey
ppl:govreman,govreman
ppl:govwilkins,govwilkins
ppl:govwright,govwright
ppl:_gowan,gowan
ppl:gparkman,gparkman
ppl:gpoindexter,gpoindexter
ppl:gpratt,gpratt
ppl:gracesampson,gracesampson
ppl:gsbettner,gsbettner
ppl:gshila,gshilaire
ppl:gti,gticknor
ppl:gtroost,gtroost
ppl:gvjdavis,gvjdavis
ppl:gwerving,gwerving
ppl:gwmurray,gwmurray
ppl:gws,gwscott
ppl:hadewar,hadewar
ppl:_hancock,hancock
ppl:hannahgall,hgallatin
ppl:harrietbrooks,harrietbrooks
ppl:hbcarey,hbcarey
ppl:hbf,hbfearon
ppl:hbinney,hbinney
ppl:hbleecker,hbleecker
ppl:hbmaret,hbmaret
ppl:hbsmith,hbsmith
ppl:hccarey,hccarey
ppl:hcderh,hcderham
ppl:hcleveland,hcleveland
ppl:hco,hcolburn
ppl:hcorbay,hcorbay
ppl:hcummings,hcummings
ppl:hdgilpin,hdgilpin
ppl:hdspoor,hdspoor
ppl:henbarnard,henbarnard
ppl:henbowditch,henbowditch
ppl:hencage,hencage
ppl:_henderson,henderson
ppl:henryclay,henryclay
ppl:henrylee,henrylee
ppl:hepierrepont,hepierrepont
ppl:_hereau,hereau
ppl:hfdaguesseau,hfdaguesseau
ppl:hffaber,hffaber
ppl:hfurnaux,hfurneaux
ppl:hgarnett,hgarnett
ppl:hgassett,hgassett
ppl:hgbrown,hgbrown
ppl:hgdyar,hgdyar
ppl:hgo,hgotis
ppl:hgreg,hgregoire
ppl:hingrah,hingraham
ppl:hjburden,hjburden
ppl:hjnott,hjnott
ppl:hledyard,hledyard
ppl:hlodge,hlodge
ppl:hmcormac,hmcormac
ppl:hmdblain,hmddeblainville
ppl:hmm,hmmorres
ppl:hmsdewar,hmsdewar
ppl:hmwilliams,hmwilliams
ppl:_holt,holt
ppl:hpinken,hpinken
ppl:hpowers,hpowers
ppl:hpvbibber,hpvbibber
ppl:hrcleveland,hrcleveland
ppl:hroulst,hroulston
ppl:hsedg,hsedgewick
ppl:hseybert,hseybert
ppl:hslegare,hslegare
ppl:htanner,htanner
ppl:hthorn,hthorn
ppl:humatherton,humatherton
ppl:humboldt,humboldt
ppl:hvethake,hvethake
ppl:hwallace,hwallace
ppl:hwarden,hwarden
ppl:hwheaton,hwheaton
ppl:hwhite,hwhite
ppl:hwilliamson,hwilliamson
ppl:icarour,icarour
ppl:icbarnet,icbarnet
ppl:icmott,icmott
ppl:icullemore,icullemore
ppl:isaaclea,isaaclea
ppl:ithorndike,ithorndike
ppl:iwjackson,iwjackson
ppl:jacham,jachambers
ppl:jadger,jadger
ppl:jadorr,jadorr
ppl:jamescmont,jcmontgomery
ppl:jamtorrey,jamtorrey
ppl:janemmacneven,janemmacneven
ppl:jarmstrong,jarmstrong
ppl:jasp,jsparks
ppl:jaswett,jaswett
ppl:jausten,jausten
ppl:jav,javentress
ppl:jawashington,jawashington
ppl:jbachman,jbachman
ppl:jbarlow,jbarlow
ppl:jbeb,jberegnault
ppl:jbeilie,jbeilie
ppl:jbgroux,jbgrouxrochelle
ppl:jbidd,jbiddle
ppl:jbjackson,jbjackson
ppl:jbjdelambre,jbjoseph
ppl:jbjohnston,jbjohnston
ppl:jbl,jblechevalier
ppl:jbmunoz,jbmunoz
ppl:jbolton,jbolton
ppl:jbri,jbristed
ppl:jbrisso,jbrissot
ppl:jbro,jbrown
ppl:jbsay,jbsay
ppl:jbstevenson,jbstevenson
ppl:jbu,jbuel
ppl:jbvshaick,jbvshaick
ppl:jbyerley,jbyerley
ppl:jcaldwell,jcaldwell
ppl:jcbrent,jcbrent
ppl:jccabell,jccabell
ppl:jccalhoun,jccalhoun
ppl:jcds,jcdserra
ppl:jcfladoucette,jcfdeladoucette
ppl:jchass,jchassel
ppl:jcloud,jcloud
ppl:jcmitchell,jcmitchell
ppl:jcmount,jcmountflorence
ppl:jcnelson,jcnelson
ppl:jcnott,jcnott
ppl:jcohen,jcohen
ppl:jconnell,jconnell
ppl:jcox,jcox
ppl:jcspencer,jcspencer
ppl:jcw,jcwhite
ppl:jcwarren,jcwarren
ppl:jdalrymp,jdalrymple
ppl:jdbloodgood,jdbloodgood
ppl:jdbry,jdebry
ppl:jdf,jdfisher
ppl:jdob,jdobson
ppl:jdp,jdepolignac
ppl:jeholbrook,jeholbrook
ppl:jernbonap,jnbonaparte
ppl:jeworcester,jeworcester
ppl:jfames,jfames
ppl:jfarmer,jfarmer
ppl:jfb,jfberger
ppl:jfcooper,jfcooper
ppl:jfesch,jfesch
ppl:jfeustis,jfeustis
ppl:jffish,jffisher
ppl:jfhulme,jfhulme
ppl:jfletcher,jfletcher
ppl:jfrandolph,jfrandolph
ppl:jgadams,jgadams
ppl:jgalindo,jgalindo
ppl:jgappleton,jgappleton
ppl:jgaylussac,jgaylussac
ppl:jgclark,jgclark
ppl:jgeh,jgeheckwelder
ppl:jgfwurdemann,jgfwurdemann
ppl:jgmorris,jgmorris
ppl:jgrah,jgraham
ppl:jgreen,jgreen
ppl:jgreig,jgreig
ppl:jgschwartz,jgschwartz
ppl:jharlan,jharlan
ppl:jhdpetetin,jhdpetetin
ppl:jhenry,jhenry
ppl:jhl,jhlawrence
ppl:jhone,jhone
ppl:jhos,jhosack
ppl:jhowa,jhoward
ppl:jhp,jhpayne
ppl:jhredfield,jhredfield
ppl:jhs,jhstone
ppl:jjack,jjackson
ppl:jjambler,jjambler
ppl:jjamis,jjamis
ppl:jjastor,jjastor
ppl:jjaudubon,jjaudubon
ppl:jjjacotot,jjjacotot
ppl:jjlwhittemore,jjlwhittemore
ppl:jkb,jkblair
ppl:jkkane,jkkane
ppl:jlakanal,jlakanal
ppl:jlcabell,jlcabell
ppl:jlefarm,jlefarm
ppl:jlfdecheverus,jlfdecheverus
ppl:jlgrange,jdelagrange
ppl:jlmiller,jlmiller
ppl:jlrdechaumont,jlrdechaumont
ppl:jlstephenson,jlstephenson
ppl:jluke,jluke
ppl:jmarshall,jmarshall
ppl:jmcabell,jmcabell
ppl:jmch,jmchenry
ppl:jmdgerando,jmdegerando
ppl:jmea,jmease
ppl:jmg,jmglassell
ppl:jmmason,jmmason
ppl:jmmatthews,jmmatthews
ppl:jmmorris,jmmorris
ppl:jmonroe,jmonroe
ppl:jmorton,jmorton
ppl:jmoshare,jmoshare
ppl:jmrp,jmrpriestley
ppl:jmtanner,jmtanner
ppl:jnh,jnhalle
ppl:jocham,jochambers
ppl:jocroghan,jocroghan
ppl:jodavis,jodavis
ppl:johnbanim,johnbanim
ppl:johncmont,jocmontgomery
ppl:johnlocke,johnlocke
ppl:johnmarshall,johnmarshall
ppl:johnmcneill,johnmcneill
ppl:johnmilton,johnmilton
ppl:johntownsend,johntownsend
ppl:josnbonap,josnbonaparte
ppl:jost,jstory
ppl:jostorrey,jostorrey
ppl:jpar,jpabelremusat
ppl:jpaynet,jpaynet
ppl:jpbeckan,jpbeckan
ppl:jpbiot,jpbiot
ppl:jpboudet,jpboudet
ppl:jpbouviere,jpbouviere
ppl:jpboyd,jpboyd
ppl:jpchazal,jpchazal
ppl:jpcmacmahon,jpcmacmahon
ppl:jpcurran,jpcurran
ppl:jpeace,jpeace
ppl:jpenington,jpenington
ppl:jpespy,jpespy
ppl:jpeuchet,jpeuchet
ppl:jpickering,jpickering
ppl:jplay,jplayfair
ppl:jqa,jqaadams
ppl:jqt,jquincy
ppl:jrbroadhead,jrbroadhead
ppl:jreid,jreid
ppl:jrfenwick,jrfenwick
ppl:jrichar,mrrichards
ppl:jrkidd,jrkidd
ppl:jrobertson,jrobertson
ppl:jrodman,jrodman
ppl:jroose,jroosevelt
ppl:jrpoinsett,jrpoinsett
ppl:jrussell,jrussell
ppl:jsargeant,jsargeant
ppl:jschorfield,jschorfield
ppl:jslidell,jslidell
ppl:jsmith,jsmith
ppl:jsrobertson,jsrobertson
ppl:jstidell,jstidell
ppl:jswharton,jswharton
ppl:jtadams,jtadams
ppl:jtallmadge,jtallmadge
ppl:jtaylor,jtaylor
ppl:jtb,jtbuckingham
ppl:jtduane,jtduane
ppl:jtducatel,jtducatel
ppl:jtenna,jtennant
ppl:jthompson,jthompson
ppl:jtk,jtkirkland
ppl:jtspencer,jtspencer
ppl:_juarros,juarros
ppl:_jubringen,jubringen
ppl:judgeblack,judgeblack
ppl:judgesmit,judgesmit
ppl:judgetrumbull,judgetrumbull
ppl:justicesummers,justicesummers
ppl:jvanderlyn,jvanderlyn
ppl:jvau,jvaughan
ppl:jvdstenp,jvdstenpselau
ppl:jvp,jvpraet
ppl:jwbeckman,jwbeckman
ppl:jwcroker,jwcroker
ppl:jwfran,jwfrancis
ppl:jwhitej,jwhitej
ppl:jwilkinson,jwilkinson
ppl:jwilks,jwilks
ppl:jwjenks,jwjenks
ppl:jwwebster,jwwebster
ppl:jwyman,jwyman
ppl:kap,kapostl
ppl:_keever,keever
ppl:kingsaoboso,kingsaoboso
ppl:labp,lapichon
ppl:_lacioux,lacioux
ppl:ladugas,ladugas
ppl:ladyairlie,ladyairlie
ppl:lafayette,lafayette
ppl:_lamon,lamon
ppl:laurenhill,laurenhill
ppl:_lavey,lavey
ppl:lbra,lbradish
ppl:lbrown,lbrown
ppl:lcabell,lcabell
ppl:lcallag,lcallaghan
ppl:lcjb,lcjbouchette
ppl:lco,cogilvy
ppl:ldbroglie,ldebroglie
ppl:ldick,ldick
ppl:_legendre,legendre
ppl:_lemore,lemore
ppl:lencassmcp,lcassellmcphail
ppl:leroybenger,leroybenger
ppl:lewiscass,lewiscass
ppl:lfnk,nkc
ppl:lgjones,lgjones
ppl:lhsigourney,lhsigourney
ppl:lmbarral,lmbarral
ppl:lmdlrevelliere,lmrevellierelepeaux
ppl:lmjhersent,lmjhersent
ppl:lordholland,lordholland
ppl:lordkingsbury,lordkingsbury
ppl:lordnorth,lordnorth
ppl:lordstrangford,pcssmythe
ppl:lpuissant,lpuissant
ppl:lsb,lsbelloc
ppl:ltgencockburn,ltgencockburn
ppl:ltlevy,ltlevy
ppl:_lumley,lumley
ppl:lvalent,lvalentine
ppl:lwoods,lwoods
ppl:mabrenier,mabrenier
ppl:maccosta,maccosta
ppl:macdonnellj,macdonnellj
ppl:_macphail,macphail
ppl:madereubele,madereubele
ppl:madpotet,mmepotet
ppl:_magimel,magimel
ppl:_maile,maile
ppl:maj,majullien
ppl:majorblacher,majorblacher
ppl:majorcrutchfield,majorcrutchfield
ppl:majormercer,majormercer
ppl:majormirca,majormirca
ppl:_malaspina,malaspina
ppl:mamd,mmeaublay
ppl:_mame,mame
ppl:mapictet,mapictet
ppl:marquisdemabais,marquisdemabais
ppl:_martin,martin
ppl:marymeason,marymeason
ppl:_maury,maury
ppl:_maxime,maxime
ppl:mbenon,mbenon
ppl:mbosange,mbosange
ppl:mboyd,mboyd
ppl:mbs,mbsmith
ppl:mbuchanan,mbuchanan
ppl:mcar,mcarey
ppl:mcbourbon,mcdebourbon
ppl:mccyoung,mccyoung
ppl:_mcguignonmarres,mcguignonmarres
ppl:_mcmannony,mcmannony
ppl:mcohen,mcohen
ppl:mcp,mcpaterson
ppl:mcpaterson,mpatterson
ppl:mcsmith,mcsmith
ppl:mdaunon,mdaunon
ppl:mdbricke,mdebricke
ppl:mdcoutz,mdecoutz
ppl:mdemoyencourt,mdemoyencourt
ppl:mdlmartine,mdelamartine
ppl:mdoran,mdoran
ppl:mduvermot,mduvermot
ppl:medg,medgeworth
ppl:_melist,melist
ppl:_mendizabal,mendizabal
ppl:_meyer,meyer
ppl:mfilleau,mfilleau
ppl:mfleuriau,mfleuriau
ppl:mgandais,mgandais
ppl:mgbiennais,mgbiennais
ppl:mgod,mgodefroy
ppl:mhr,missrowan
ppl:_mill,mill
ppl:miltitz,miltitz
ppl:mipringle,mipringle
ppl:missaiken,missaiken
ppl:missbridgen,missbridgen
ppl:missbrongnier,missbrongnier
ppl:misscmarx,misscmarx
ppl:misscoppinger,misscoppinger
ppl:missframe,missframe
ppl:missgarnett,missgarnett
ppl:missguibout,missguibout
ppl:misskitchingman,misskitchingman
ppl:missmasterson,missmasterson
ppl:missmauduit,missmauduit
ppl:missmccarthy,missmccarthy
ppl:misssedgewick,misssedgewick
ppl:misstaylor,misstaylor
ppl:misswilkes,misswilkes
ppl:missyates,missyates
ppl:mjlbaugiour,mjlbaugiour
ppl:mjmcneal,mjmcneal
ppl:mjonesscherrerhorne,mjonesscherrerhorne
ppl:mkienen,mkienen
ppl:mknapier,mknapier
ppl:mlewis,mlewis
ppl:mllelodtel,mllelodtel
ppl:mmason,mmason
ppl:mmcarnell,mmcarnell
ppl:mmclane,mmclane
ppl:mmcourtin,mmcourtin
ppl:mmdbure,mdebure
ppl:mmdclassby,mdeclassby
ppl:mmebdbussieu,mmebdebussieu
ppl:mmebel,mmebel
ppl:mmeboidal,mmeboidal
ppl:mmedannonn,mmedannonn
ppl:mmedcobbet,mmedecobbet
ppl:mmedebusiead,mmedebusiead
ppl:mmedegivre,mmedegivre
ppl:mmedehocquard,mmedehocquard
ppl:mmedenis,mmedenis
ppl:mmedgoulay,mmedegoulay
ppl:mmedlutte,mmedelutte
ppl:mmedmontbret,mmedemontbret
ppl:mmegregoire,mmegregoire
ppl:mmehacket,mmehacket
ppl:mmejunker,mmejunker
ppl:mmelejeune,mmelejeune
ppl:mmelemore,mmelemore
ppl:mmeperceval,mmeperceval
ppl:mmn,mmnoah
ppl:mnoisette,mnoisette
ppl:_molart,molart
ppl:_monnier,monnier
ppl:moorerobinson,moorerobinson
ppl:_morrison,morrison
ppl:_moulin,moulin
ppl:mpayen,mpayen
ppl:mpost,mpost
ppl:mr_thompson,mrthompson
ppl:mralexander,mralexander
ppl:mrashton,mrashton
ppl:mrbabcock,mrbabcock
ppl:mrbabier,mrbabier
ppl:mrbariois,mrbariois
ppl:mrbeauprise,mrbeauprise
ppl:mrbenton,mrbenton
ppl:mrbidd,mrbidd
ppl:mrbirkbeck,mrbirkbeck
ppl:mrblagden,mrblagden
ppl:mrbosc,mrbosc
ppl:mrbothling,mrbothling
ppl:mrbronson,mrbronson
ppl:mrburns,mrburns
ppl:mrcaldcleugh,mrcaldcleugh
ppl:mrcarill,mrcarill
ppl:mrcentress,mrcentress
ppl:mrcharming,mrcharming
ppl:mrchase,mrchase
ppl:mrclairborne,mrclairborne
ppl:mrcoates,mrcoates
ppl:mrcogrell,mrcogrell
ppl:mrcogsnell,mrcogsnell
ppl:mrcorin,mrcorin
ppl:mrcreighton,mrcreighton
ppl:mrdarusement,mrdarusement
ppl:mrdavid,mrdavid
ppl:mrdebehr,mrdebehr
ppl:mrdelavaux,mrdelavaux
ppl:mrdempsey,mrdempsey
ppl:mrdenimdetour,mrdenimdetour
ppl:mrdennison,mrdennison
ppl:mrdesdoutaine,mrdesdoutaine
ppl:mrdickens,mrdickens
ppl:mrdickins,mrdickins
ppl:mrdillon,mrdillon
ppl:mrdraper,mrdraper
ppl:mrdubois,mrdubois
ppl:mrdubouchet,mrdubouchet
ppl:mreccles,mreccles
ppl:mreckeford,mreckeford
ppl:mredward,mredward
ppl:mrfernaux,mrfernaux
ppl:mrfield,mrfield
ppl:mrfinch,mrfinch
ppl:mrfisher,mrfisher
ppl:mrfletcher,mrfletcher
ppl:mrflush,mrflush
ppl:mrfochalle,mrfochalle
ppl:mrfrazer,mrfrazer
ppl:mrfurman,mrfurman
ppl:mrgalignani,mrgalignani
ppl:mrgamy,mrgamy
ppl:mrgarnett,mrgarnett
ppl:mrgarnier,mrgarnier
ppl:mrgeiger,mrgeiger
ppl:mrgibson,mrgibson
ppl:mrglaff,mrglaff
ppl:mrgleason,mrgleason
ppl:mrgould,mrgould
ppl:mrgreenshaw,mrgreenshaw
ppl:mrhacket,mrhacket
ppl:mrhale,mrhale
ppl:mrhammond,mrhammond
ppl:mrhicks,mrhicks
ppl:mrhodgson,mrhodgson
ppl:mrhorris,mrhorris
ppl:mrhottinguer,mrhottinguer
ppl:mrhowland,mrhowland
ppl:mrisard,mrisard
ppl:mritch,mritch
ppl:mrjannin,mrjannin
ppl:mrkauman,mrkauman
ppl:mrkirk,mrkirk
ppl:mrlamb,mrlamb
ppl:mrlarrey,mrlarrey
ppl:mrlarue,mrlarue
ppl:mrleiber,mrleiber
ppl:mrleroy,mrleroy
ppl:mrletton,mrletton
ppl:mrlewis,mrlewis
ppl:mrlhorente,mrlhorente
ppl:mrlloyd,mrlloyd
ppl:mrluke,mrluke
ppl:mrlyman,mrlyman
ppl:mrmacdermot,mrmacdermot
ppl:mrmaclure,mrmaclure
ppl:mrmason,mrmason
ppl:mrmathias,mrmathias
ppl:mrmay,mrmay
ppl:mrmcbear,mrmcbear
ppl:mrmccay,mrmccay
ppl:mrmcelkiney,mrmcelkiney
ppl:mrmcilvaine,mrmcilvaine
ppl:mrmigneret,mrmigneret
ppl:mrmirabel,mrmirabel
ppl:mrmixter,mrmixter
ppl:mrmosher,mrmosher
ppl:mrmure,mrmure
ppl:mrmutter,mrmutter
ppl:mrmyres,mrmyres
ppl:mrnicholson,mrnicholson
ppl:mrnooth,mrnooth
ppl:mrnowell,mrnowell
ppl:mrob,mrob
ppl:mroflaherty,mroflaherty
ppl:mroliver,mroliver
ppl:mrossange,mrossange
ppl:mrpachard,mrpachard
ppl:mrparks,mrparks
ppl:mrpasclet,mrpasclet
ppl:mrperpigna,mrperpigna
ppl:mrpeterville,mrpeterville
ppl:mrpichens,mrpichens
ppl:mrpicquet,mrpicquet
ppl:mrpillard,mrpillard
ppl:mrpohert,mrpohert
ppl:mrpoletica,mrpoletica
ppl:mrpreserver,mrpreserver
ppl:mrrandall,mrrandall
ppl:mrrush,mrrush
ppl:mrsadger,mrsadger
ppl:mrsalisbury,mrsalisbury
ppl:mrsamcmahon,mrsamcmahon
ppl:mrsansaud,mrsansaud
ppl:mrsavage,mrsavage
ppl:mrsblawrence,mrsblawrence
ppl:mrsbomford,mrsbomford
ppl:mrsbrowne,mrsbrowne
ppl:mrscarnegie,mrscarnegie
ppl:mrschase,mrschase
ppl:mrschiffer,mrschiffer
ppl:mrsdegoudy,mrsdegoudy
ppl:mrsdent,mrsdent
ppl:mrsdouglas,mrsdouglas
ppl:mrsdupre,mrsdupre
ppl:mrseafferton,mrseafferton
ppl:mrsears,mrsears
ppl:mrsejourney,mrsejourney
ppl:mrsepres,mrsepres
ppl:mrsfhall,mrsfhall
ppl:mrsfmignet,mrsfmignet
ppl:mrsgmason,mrsgmason
ppl:mrshedelteon,mrshedelteon
ppl:mrsherony,mrsherony
ppl:mrshumatherton,mrshumatherton
ppl:mrsiegmer,mrsiegmer
ppl:mrsimms,mrsimms
ppl:mrsirtr,mrsirtr
ppl:mrsjocham,mrsjocham
ppl:mrsjones,mrsjones
ppl:mrskipworth,mrskipworth
ppl:mrsmacso,mrsmacso
ppl:mrsmallot,mrsmallot
ppl:mrsmason,mrsmason
ppl:mrsmays,mrsmays
ppl:mrsmaywood,mrsmaywood
ppl:mrsmcconver,mrsmcconver
ppl:mrsmeads,mrsmeads
ppl:mrsmiske,mrsmiske
ppl:mrsmoth,mrsmoth
ppl:mrsparks,mrsparks
ppl:mrspastoret,mrspastoret
ppl:mrspichon,mrspichon
ppl:mrspooner,mrspooner
ppl:mrsrmacdonnell,mrsrmacdonnell
ppl:mrsrobiquet,mrsrobiquet
ppl:mrsrwalshj,mrsrwalshj
ppl:mrsscherrerhorne,mrsscherrerhorne
ppl:mrssears,mrssears
ppl:mrstallmadge,mrstallmadge
ppl:mrstenley,mrstenley
ppl:mrstoddart,mrstoddart
ppl:mrstrandolph,mrstrandolph
ppl:mrstretch,mrstretch
ppl:mrsttrarse,mrsttrarse
ppl:mrsvanini,mrsvanini
ppl:mrsvmott,mrsvmott
ppl:mrswhitehead,mrswhitehead
ppl:mrswilliams,mrswilliams
ppl:mrswjackson,mrswjackson
ppl:mrterril,mrterril
ppl:mrthelwall,mrthelwall
ppl:mrtyker,mrtyker
ppl:mrvandriesse,mrvandriesse
ppl:mrvanhess,mrvanhess
ppl:mrvaraignen,mrvaraignen
ppl:mrvillien,mrvillien
ppl:mrwalin,mrwalin
ppl:mrwaren,mrwaren
ppl:mrwilliams,mrwilliams
ppl:mrwormerley,mrwormerley
ppl:mrwurton,mrwurton
ppl:mseguier,mseguier
ppl:msta,mstarke
ppl:mstorrow,mstorrow
ppl:mtone,mtone
ppl:mvb,mvburen
ppl:mvillenair,mvillenair
ppl:mvnapier,mvnapier
ppl:mvndv,mmevillette
ppl:napbonap,napbonaparte
ppl:nbidd,nbiddle
ppl:nbow,nbowditch
ppl:nbre,nbremontier
ppl:nbrown,nbrown
ppl:nbtucker,nbtucker
ppl:ncar,ncarlisle
ppl:ncjackson,ncjackson
ppl:ndenver,ndenver
ppl:nearnolt,nearnolt
ppl:_netron,netron
ppl:nhc,nhcarter
ppl:nherbemont,nherbemont
ppl:nhjulius,nhjulius
ppl:nlemore,nlemore
ppl:nlrogers,nlrogers
ppl:nnj,nnilesjr
ppl:nnoint,nnoint
ppl:_noyet,noyet
ppl:nweb,nwebster
ppl:oclarke,oclarke
ppl:octaviadelany,octaviadelany
ppl:officerpettes,officerpettes
ppl:ohoffman,ohoffman
ppl:orich,orich
ppl:pabrown,pabrown
ppl:padfortia,padefortia
ppl:pbaubieur,pbaubieur
ppl:pberthier,pberthier
ppl:pbonap,pbonaparte
ppl:pclbreton,pclbreton
ppl:pcorran,pcorran
ppl:pdboisjostin,pdboisjostin
ppl:pdup,psdeponceau
ppl:pgambler,pgambler
ppl:pgldoulcet,pgledoulcet
ppl:phone,phone
ppl:_pinckney,pinckney
ppl:pinpuff,pinpuff
ppl:pjr,pjrobiquet
ppl:_plowden,plowden
ppl:pmpatterson,pmpatterson
ppl:polk,polk
ppl:ppbonneau,pporcherbonneau
ppl:prhordenbeg,prhordenbeg
ppl:profadrain,profadrain
ppl:profbenwick,profbenwick
ppl:proffarnham,proffarnham
ppl:proffarrar,proffarrar
ppl:profgoodman,profgoodman
ppl:profhare,profhare
ppl:profhauy,profhauy
ppl:profjoslin,profjoslin
ppl:profkunth,profkunth
ppl:proflittou,proflittou
ppl:profnulty,profnulty
ppl:prossi,prossi
ppl:pthomson,pthomson
ppl:_puttand,puttand
ppl:pvaughan,pvaughan
ppl:pwendell,pwendell
ppl:_quilez,quilez
ppl:_razait,razait
ppl:rbb,rbbarlow
ppl:rbgooch,rbgooch
ppl:rbidd,rbiddle
ppl:rchurch,rchurch
ppl:rcsykes,rcsykes
ppl:rcurtis,rcurtis
ppl:rddelisle,rdochedelisle
ppl:reg,regriffith
ppl:revgriffen,revgriffen
ppl:rfulton,rfulton
ppl:rgbeasley,rgbeasley
ppl:rgr,rgray
ppl:rharlan,rharlan
ppl:rharrison,rharrison
ppl:rharton,rharton
ppl:rhascall,rhascall
ppl:rhcabell,rhcabell
ppl:rjames,rjames
ppl:rjhs,rjhsinger
ppl:rjj,rjjoyce
ppl:rjohnston,rjohnston
ppl:rjp,rjporter
ppl:rlivingston,rlivingston
ppl:rlmussey,rlmussey
ppl:rlroche,rlaroche
ppl:rmorris,rmorris
ppl:rmpatterson,rmpatterson
ppl:rmwalsh,rmwalsh
ppl:rnk1,rnk1
ppl:rnk2,rnk2
ppl:robadair,robadair
ppl:robbaird,robbaird
ppl:robtownsend,robtownsend
ppl:_rossier,rossier
ppl:_rousseau,rousseau
ppl:rozel,mmederozel
ppl:rpjcarter,rpjcarter
ppl:rpmiles,rpmiles
ppl:rpringle,rpringle
ppl:rsaunders,rsaunders
ppl:ruzielli,muzilelli
ppl:rvm,rvmohl
ppl:rwhite,rwhite
ppl:rwj,rwalshj
ppl:sac,siraclarke
ppl:saeliot,saeliot
ppl:salexly,salexly
ppl:samadams,samadams
ppl:samallison,samallison
ppl:samuelmorse,samuelmorse
ppl:samward,samward
ppl:sao,saotis
ppl:_savigun,savigun
ppl:sbonnif,sbonnifoux
ppl:sbw,sbwylie
ppl:sdpoisson,sdpoisson
ppl:senfolson,senfolson
ppl:sfj,sfjarvis
ppl:sgbrown,sgbrown
ppl:sgh,sghowe
ppl:shd,shdavy
ppl:sidneymorse,sidneymorse
ppl:_simpson,simpson
ppl:sirjhall,sirjhall
ppl:sjul,sjulien
ppl:skiddy,skiddy
ppl:slangles,slangles
ppl:slmi,slmitchill
ppl:slmo,slmorgan
ppl:smiller,smiller
ppl:smorris,smorris
ppl:sms,smstephenson
ppl:solin,solin
ppl:spleason,spleasonton
ppl:ssouthwick,ssouthwick
ppl:sthompson,sthompson
ppl:_strong,strong
ppl:susrobertson,susrobertson
ppl:svrensselaer,svrensselaer
ppl:svuchs,svuchstein
ppl:swalker,swalker
ppl:_swediour,swediour
ppl:_sweetman,sweetman
ppl:swelles,swelles
ppl:swhite,swhite
ppl:swhitehall,swhitehall
ppl:syoung,syoung
ppl:taemmet,taemmet
ppl:_tapellex,tapellex
ppl:_tardieu,tardieu
ppl:tbacker,tbacker
ppl:tbjamison,tbjamison
ppl:tcgrattan,tcgrattan
ppl:tco,tcooper
ppl:tcorran,tcorran
ppl:tdmontpelier,tdemontpelier
ppl:tdobbin,tdobbin
ppl:tgc,tgclemson
ppl:thamm,thamm
ppl:theoallen,theoallen
ppl:theosedg,theosedgewick
ppl:_thirard,thirard
ppl:thomallen,thomallen
ppl:thoshun,thoshun
ppl:thossedg,thossedgewick
ppl:_thouin,thouin
ppl:thtaylor,thtaylor
ppl:tjefferson,tjefferson
ppl:tlaw,tlaw
ppl:tlkane,tlkane
ppl:tmason,tmason
ppl:tmlogan,tmlogan
ppl:tmoo,tmoore
ppl:tmrj,tmrandolphj
ppl:tomeara,tomeara
ppl:tparker,tparker
ppl:tpbarton,tpbarton
ppl:tpicker,tpickering
ppl:tpower,tpower
ppl:trbeck,trbeck
ppl:_treattel,treattel
ppl:ttaylor,ttaylor
ppl:ttpayne,ttpayne
ppl:twarner,twarner
ppl:twharris,twharris
ppl:twil,twilson
ppl:tws,twstorrow
ppl:vbal,vbally
ppl:_venables,venables
ppl:_vevey,vevey
ppl:_vilnier,vilnier
ppl:vjacquemont,vjacquemont
ppl:vmott,vmott
ppl:vwwelles,vwwelles
ppl:wadams,wadams
ppl:_wallam,wallam
ppl:_wallaston,wallaston
ppl:_wardman,wardman
ppl:wascott,wascott
ppl:wbaird,wbaird
ppl:wberlin,wberlin
ppl:wbin,wbingley
ppl:wblawrence,wblawrence
ppl:wbogden,wbogden
ppl:wbossenger,wbossenger
ppl:wbra,wbradford
ppl:wbradish,wbradish
ppl:wcarnegie,wcarnegie
ppl:wcbryant,wcbryant
ppl:wchild,wchild
ppl:wclarke,wclarke
ppl:wclerke,wclerke
ppl:wcoop,wcooper
ppl:wcorbet,wcorbet
ppl:wcp,wcpreston
ppl:wcr,wcrives
ppl:wcsomerville,wcsomerville
ppl:wdrayton,wdrayton
ppl:wdua,wduane
ppl:wdunst,wdunstable
ppl:weastburn,weastburn
ppl:weh,wehorner
ppl:wfdessaussure,wfdessaussure
ppl:wfisk,wfisk
ppl:wfr,wfritchie
ppl:wgordon,wgordon
ppl:wgraces,wgraces
ppl:wgracie,wgracie
ppl:whaven,whaven
ppl:whcrawford,whcrawford
ppl:whcurran,whcurran
ppl:whillmer,whillmer
ppl:whkeating,whkeating
ppl:whoward,whoward
ppl:whprescott,whprescott
ppl:willclegg,willclegg
ppl:_william,william
ppl:willjackson,willjackson
ppl:willward,willward
ppl:wirv,wirving
ppl:wjackson,wjackson
ppl:wjbennett,wjbennett
ppl:wjbiddle,wjbiddle
ppl:wjhubard,wjhubard
ppl:wjlfisher,wjlfisher
ppl:wkain,wkain
ppl:wlearson,wlearson
ppl:wlee,wlee
ppl:wlivingston,wlivingston
ppl:wmacneven,wmacneven
ppl:wmaxwell,wmaxwell
ppl:wmpower,wmpower
ppl:wnavarrete,wnavarrete
ppl:wogilvy,wogilvy
ppl:wpcbarton,wpcbarton
ppl:wpendelton,wpendelton
ppl:wpgrinnell,wpgrinnell
ppl:wpjohnson,wpjohnson
ppl:wpringle,wpringle
ppl:wradair,wradair
ppl:wrobinson,wrobinson
ppl:wrwalsh,wrwalsh
ppl:wsampson,wsampson
ppl:wsd,wsdickson
ppl:wsha,wshaler
ppl:wshort,wshort
ppl:wsin,wsinclair
ppl:wspence,wspence
ppl:wtanner,wtanner
ppl:wtaylor,wtaylor
ppl:wtfrank,wtfranklin
ppl:wtwtone,wtwtone
ppl:wvaughan,wvaughan
ppl:wvschaick,wvschaick
ppl:wwhitesides,wwhitesides
ppl:wwoodbr,wwoodbridge
ppl:wwsmith,wwsmith
ppl:_yates,yates
